"DESCRIPTION","DURATION IN MS","NAME","PARENT SUITE","START TIME","STATUS","STOP TIME","SUB SUITE","SUITE","TEST CLASS","TEST METHOD"
"","1584","HOME-03: Verify dynamic pagination by searching for a specific article","chromium","Tue Feb 10 02:52:02 UTC 2026","passed","Tue Feb 10 02:52:04 UTC 2026","Module: Home Page (Pagination & Search)","home.spec.ts","",""
"","1703","MOCK-02: Verify ""Global Feed"" error state handling (Simulating Server Crash)","firefox","Tue Feb 10 02:52:26 UTC 2026","passed","Tue Feb 10 02:52:28 UTC 2026","Module: Network Mocking","mock.spec.ts","",""
"","1900","HOME-03: Verify dynamic pagination by searching for a specific article","webkit","Tue Feb 10 02:52:47 UTC 2026","passed","Tue Feb 10 02:52:49 UTC 2026","Module: Home Page (Pagination & Search)","home.spec.ts","",""
"","1264","MOCK-02: Verify ""Global Feed"" error state handling (Simulating Server Crash)","webkit","Tue Feb 10 02:52:51 UTC 2026","passed","Tue Feb 10 02:52:53 UTC 2026","Module: Network Mocking","mock.spec.ts","",""
"","885","HOME-01: Verify Guest UI Layout","chromium","Tue Feb 10 02:52:00 UTC 2026","passed","Tue Feb 10 02:52:01 UTC 2026","Module: Home Page (Guest View)","home.spec.ts","",""
"","2975","EDT-02: Create Article & Verify (Detail + Global Feed)","firefox","Tue Feb 10 02:52:12 UTC 2026","passed","Tue Feb 10 02:52:14 UTC 2026","Module: Editor (Create Article)","editor.spec.ts","",""
"","2552","EDT-12: Edit Article (API Created) - Update Body & Description","chromium","Tue Feb 10 02:51:57 UTC 2026","passed","Tue Feb 10 02:52:00 UTC 2026","Module: Editor (Update Article - Hybrid Strategy)","editor.spec.ts","",""
"","391","HOME-04: Verify Tag Filtering with Comprehensive Validation","chromium","Tue Feb 10 02:52:02 UTC 2026","passed","Tue Feb 10 02:52:02 UTC 2026","Module: Home Page (Tag Filtering)","home.spec.ts","",""
"","1040","HOME-02: Verify User UI Layout (Personalized)","firefox","Tue Feb 10 02:52:20 UTC 2026","passed","Tue Feb 10 02:52:21 UTC 2026","Module: Home Page (Logged-in View)","home.spec.ts","",""
"","6610","COM-01 & COM-02: Comment Full Lifecycle (Post & Delete)","webkit","Tue Feb 10 02:52:30 UTC 2026","passed","Tue Feb 10 02:52:36 UTC 2026","Module: Comment Management","comment.spec.ts","",""
"","1694","HOME-01: Verify Guest UI Layout","firefox","Tue Feb 10 02:52:18 UTC 2026","passed","Tue Feb 10 02:52:20 UTC 2026","Module: Home Page (Guest View)","home.spec.ts","",""
"","1771","HOME-03: Verify dynamic pagination by searching for a specific article","firefox","Tue Feb 10 02:52:22 UTC 2026","passed","Tue Feb 10 02:52:24 UTC 2026","Module: Home Page (Pagination & Search)","home.spec.ts","",""
"","756","HOME-04: Verify Tag Filtering with Comprehensive Validation","firefox","Tue Feb 10 02:52:21 UTC 2026","passed","Tue Feb 10 02:52:22 UTC 2026","Module: Home Page (Tag Filtering)","home.spec.ts","",""
"","2863","EDT-02: Create Article & Verify (Detail + Global Feed)","webkit","Tue Feb 10 02:52:37 UTC 2026","passed","Tue Feb 10 02:52:40 UTC 2026","Module: Editor (Create Article)","editor.spec.ts","",""
"","738","MOCK-01: Verify ""Your Feed"" empty state message via response mocking","chromium","Tue Feb 10 02:52:05 UTC 2026","passed","Tue Feb 10 02:52:06 UTC 2026","Module: Network Mocking","mock.spec.ts","",""
"","931","HOME-04: Verify Tag Filtering with Comprehensive Validation","webkit","Tue Feb 10 02:52:46 UTC 2026","passed","Tue Feb 10 02:52:47 UTC 2026","Module: Home Page (Tag Filtering)","home.spec.ts","",""
"","3639","EDT-12: Edit Article (API Created) - Update Body & Description","firefox","Tue Feb 10 02:52:14 UTC 2026","passed","Tue Feb 10 02:52:18 UTC 2026","Module: Editor (Update Article - Hybrid Strategy)","editor.spec.ts","",""
"","2466","EDT-02: Create Article & Verify (Detail + Global Feed)","chromium","Tue Feb 10 02:51:55 UTC 2026","passed","Tue Feb 10 02:51:57 UTC 2026","Module: Editor (Create Article)","editor.spec.ts","",""
"","1287","MOCK-01: Verify ""Your Feed"" empty state message via response mocking","webkit","Tue Feb 10 02:52:50 UTC 2026","passed","Tue Feb 10 02:52:51 UTC 2026","Module: Network Mocking","mock.spec.ts","",""
"","755","MOCK-02: Verify ""Global Feed"" error state handling (Simulating Server Crash)","chromium","Tue Feb 10 02:52:06 UTC 2026","passed","Tue Feb 10 02:52:07 UTC 2026","Module: Network Mocking","mock.spec.ts","",""
"","1862","COM-01 & COM-02: Comment Full Lifecycle (Post & Delete)","chromium","Tue Feb 10 02:51:52 UTC 2026","passed","Tue Feb 10 02:51:53 UTC 2026","Module: Comment Management","comment.spec.ts","",""
"","2558","COM-01 & COM-02: Comment Full Lifecycle (Post & Delete)","firefox","Tue Feb 10 02:52:08 UTC 2026","passed","Tue Feb 10 02:52:10 UTC 2026","Module: Comment Management","comment.spec.ts","",""
"","1226","HOME-02: Verify User UI Layout (Personalized)","webkit","Tue Feb 10 02:52:45 UTC 2026","passed","Tue Feb 10 02:52:46 UTC 2026","Module: Home Page (Logged-in View)","home.spec.ts","",""
"","1466","HOME-01: Verify Guest UI Layout","webkit","Tue Feb 10 02:52:44 UTC 2026","passed","Tue Feb 10 02:52:45 UTC 2026","Module: Home Page (Guest View)","home.spec.ts","",""
"","3030","EDT-12: Edit Article (API Created) - Update Body & Description","webkit","Tue Feb 10 02:52:40 UTC 2026","passed","Tue Feb 10 02:52:43 UTC 2026","Module: Editor (Update Article - Hybrid Strategy)","editor.spec.ts","",""
"","652","HOME-02: Verify User UI Layout (Personalized)","chromium","Tue Feb 10 02:52:01 UTC 2026","passed","Tue Feb 10 02:52:02 UTC 2026","Module: Home Page (Logged-in View)","home.spec.ts","",""
"","1185","MOCK-01: Verify ""Your Feed"" empty state message via response mocking","firefox","Tue Feb 10 02:52:25 UTC 2026","passed","Tue Feb 10 02:52:26 UTC 2026","Module: Network Mocking","mock.spec.ts","",""
